{
  "structural": {
    "beam_stress": 18518518.51851852,
    "beam_deflection": 0.00019290123456790122,
    "buckling_load": 3997189.78244119
  },
  "fluids": {
    "Re": 74850.0,
    "head_loss": 2.293577981651376
  },
  "thermo": {
    "deltaL": 0.00072,
    "q_cond": 4100.0,
    "q_conv": 7.5,
    "P_teg": 4.444444444444445e-05
  },
  "electrical": {
    "ohms": {
      "V": 12.0,
      "I": 2.0,
      "R": 6.0
    },
    "tau_rc": 0.001,
    "f_lc": 5032.921210448703
  }
}